Record Id,Lead Name,Company,Email,Phone,Lead Source,Lead Owner.id,Lead Owner
zcrm_7247204000000604200,Chau Kitzman (Sample),Creative Business Systems,chau-kitzman@noemail.invalid,555-555-5555,Advertisement,zcrm_7247204000000591001,Priya
zcrm_7247204000000604201,Theola Frey (Sample),Dal Tile Corporation,theola-frey@noemail.invalid,555-555-5555,Cold Call,zcrm_7247204000000591001,Priya
zcrm_7247204000000604202,Michael Ruta (Sample),Buckley Miller & Wright,michael-gruta@noemail.invalid,555-555-5555,Online Store,zcrm_7247204000000591001,Priya
zcrm_7247204000000604203,Yvonne Tjepkema (Sample),Grayson,yvonne-tjepkema@noemail.invalid,555-555-5555,External Referral,zcrm_7247204000000591001,Priya
zcrm_7247204000000604204,Kayleigh Lace (Sample),Printing Dimensions,kayleigh-lace@noemail.invalid,555-555-5555,Partner,zcrm_7247204000000591001,Priya
zcrm_7247204000000604205,Felix Hirpara (Sample),Chapman,felix-hirpara@noemail.invalid,555-555-5555,Online Store,zcrm_7247204000000591001,Priya
zcrm_7247204000000604206,Tresa Sweely (Sample),Morlong Associates,tresa-sweely@noemail.invalid,555-555-5555,Seminar Partner,zcrm_7247204000000591001,Priya
zcrm_7247204000000604207,James Merced (Sample),Kwik Kopy Printing,james-merced@noemail.invalid,555-555-5555,Web Download,zcrm_7247204000000591001,Priya
zcrm_7247204000000604208,Carissa Kidman (Sample),Oh My Goodknits Inc,carissa-kidman@noemail.invalid,555-555-5555,Advertisement,zcrm_7247204000000591001,Priya
zcrm_7247204000000604209,Christopher Maclead (Sample),Rangoni Of Florence,christopher-maclead@noemail.invalid,555-555-5555,Cold Call,zcrm_7247204000000591001,Priya
zcrm_7247204000000668114,Jay Jason,ISBM,jay@test.com,55556666777,Employee Referral,zcrm_7247204000000591001,Priya
