Record Id,Deal Name,Amount,Stage,Closing Date,Account Name.id,Account Name,Contact Name.id,Contact Name,Deal Owner.id,Deal Owner
zcrm_7247204000000593595,Laptop Purchase,50000,Proposal/Price Quote,2026-02-20,zcrm_7247204000000593573,ABC Pvt. Ltd.,,,zcrm_7247204000000591001,Priya
zcrm_7247204000000604376,Benton,250000,Qualification,2026-02-13,zcrm_7247204000000604092,Benton (Sample),zcrm_7247204000000604294,John Butt (Sample),zcrm_7247204000000591001,Priya
zcrm_7247204000000604377,Chanay,55000,Needs Analysis,2026-02-14,zcrm_7247204000000604093,Chanay (Sample),zcrm_7247204000000604295,Josephine Darakjy (Sample),zcrm_7247204000000591001,Priya
zcrm_7247204000000604378,Chemel,70000,Value Proposition,2026-02-13,zcrm_7247204000000604094,Chemel (Sample),zcrm_7247204000000604296,James Venere (Sample),zcrm_7247204000000591001,Priya
zcrm_7247204000000604379,Feltz Printing Service,45000,Identify Decision Makers,2026-02-16,zcrm_7247204000000604095,Feltz Printing Service (Sample),zcrm_7247204000000604297,Capla Paprocki (Sample),zcrm_7247204000000591001,Priya
zcrm_7247204000000604380,Printing Dimensions,25000,Proposal/Price Quote,2026-02-18,zcrm_7247204000000604096,Printing Dimensions (Sample),zcrm_7247204000000604298,Donette Foller (Sample),zcrm_7247204000000591001,Priya
zcrm_7247204000000604381,Chapman,70000,Negotiation/Review,2026-02-13,zcrm_7247204000000604097,Chapman (Sample),zcrm_7247204000000604299,Simon Morasca (Sample),zcrm_7247204000000591001,Priya
zcrm_7247204000000604382,Morlong Associates,35000,Closed Won,2026-02-15,zcrm_7247204000000604098,Morlong Associates (Sample),zcrm_7247204000000604300,Mitsue Tollner (Sample),zcrm_7247204000000591001,Priya
zcrm_7247204000000604383,Commercial Press,45000,Closed Lost,2026-02-14,zcrm_7247204000000604099,Commercial Press (Sample),zcrm_7247204000000604301,Leota Dilliard (Sample),zcrm_7247204000000591001,Priya
zcrm_7247204000000604384,Truhlar And Truhlar Attys,45000,Needs Analysis,2026-02-13,zcrm_7247204000000604100,Truhlar And Truhlar (Sample),zcrm_7247204000000604302,Sage Wieser (Sample),zcrm_7247204000000591001,Priya
zcrm_7247204000000604385,King,60000,Identify Decision Makers,2026-02-15,zcrm_7247204000000604101,King (Sample),zcrm_7247204000000604303,Kris Marrier (Sample),zcrm_7247204000000591001,Priya
zcrm_7247204000000636147,Gym Membership Sale,10000,Qualification,2026-02-20,zcrm_7247204000000593573,ABC Pvt. Ltd.,,,zcrm_7247204000000591001,Priya
zcrm_7247204000000642099,Infosys SE,,Qualification,2026-02-20,zcrm_7247204000000636368,Infosys,,,zcrm_7247204000000591001,Priya
zcrm_7247204000000642100,TCS A,,Qualification,2026-02-25,zcrm_7247204000000636373,TCS,,,zcrm_7247204000000591001,Priya
zcrm_7247204000000642101,Accenture D,,Qualification,2026-02-28,zcrm_7247204000000636378,Accenture,,,zcrm_7247204000000591001,Priya
zcrm_7247204000000642102,Persistent Technologies SE,,Qualification,2026-03-20,zcrm_7247204000000636383,Persistent Technologies,,,zcrm_7247204000000591001,Priya
zcrm_7247204000000642103,IBM D,,Qualification,2026-02-18,zcrm_7247204000000636388,IBM,,,zcrm_7247204000000591001,Priya
zcrm_7247204000000642104,HclTech SQLD,,Qualification,2026-03-01,zcrm_7247204000000636393,HclTech,,,zcrm_7247204000000591001,Priya
zcrm_7247204000000642105,Capco BE,,Qualification,2026-03-04,zcrm_7247204000000636398,Capco,,,zcrm_7247204000000591001,Priya
zcrm_7247204000000642106,Citi CS,,Qualification,2026-02-20,zcrm_7247204000000636403,Citi,,,zcrm_7247204000000591001,Priya
zcrm_7247204000000642107,Concentrix CS,,Qualification,2026-02-21,zcrm_7247204000000636408,Concentrix,,,zcrm_7247204000000591001,Priya
zcrm_7247204000000642108,Amex A,,Qualification,2026-02-28,zcrm_7247204000000636413,Amex,,,zcrm_7247204000000591001,Priya
zcrm_7247204000000642109,upGrad SE,,Qualification,2026-03-18,zcrm_7247204000000636418,upGrad,,,zcrm_7247204000000591001,Priya
zcrm_7247204000000642110,Revature SE,,Qualification,2026-02-28,zcrm_7247204000000636423,Revature,,,zcrm_7247204000000591001,Priya
zcrm_7247204000000642111,Cognizant D,,Qualification,2026-03-13,zcrm_7247204000000636428,Cognizant,,,zcrm_7247204000000591001,Priya
zcrm_7247204000000642112,Capgemini A,,Qualification,2026-02-20,zcrm_7247204000000636433,Capgemini,,,zcrm_7247204000000591001,Priya
zcrm_7247204000000642113,GlobalLogic BE,,Qualification,2026-02-28,zcrm_7247204000000636438,GlobalLogic,,,zcrm_7247204000000591001,Priya
zcrm_7247204000000642114,Genpact CS,,Qualification,2026-02-20,zcrm_7247204000000636443,Genpact,,,zcrm_7247204000000591001,Priya
zcrm_7247204000000642115,Sutherland CS,,Qualification,2026-03-04,zcrm_7247204000000636448,Sutherland,,,zcrm_7247204000000591001,Priya
zcrm_7247204000000642116,EY SE,,Qualification,2026-03-31,zcrm_7247204000000636453,EY,,,zcrm_7247204000000591001,Priya
zcrm_7247204000000642117,HSBC A,,Qualification,2026-02-23,zcrm_7247204000000636458,HSBC,,,zcrm_7247204000000648001,Sales Manager
zcrm_7247204000000645057,Ping,,Qualification,2026-02-27,zcrm_7247204000000645052,PING,,,zcrm_7247204000000591001,Priya
zcrm_7247204000000645116,Harman,,Qualification,2026-02-26,zcrm_7247204000000645111,Harman Tech,,,zcrm_7247204000000591001,Priya
zcrm_7247204000000668018,Mat lab,,Qualification,,zcrm_7247204000000668012,Mat lab,zcrm_7247204000000668015,Rishi Kapoor,zcrm_7247204000000591001,Priya
